{"loss": 0.031002860516309738, "learning_rate": 0.0001999821161352807, "grad_norm": 0.08334898203611374, "step": 2499, "epoch": 1.7163461538461537, "samples": 159936, "_timestamp": 1715276981.6623778, "_runtime": 558.0620999336243, "_step": 2499, "val_loss": 0.031375981867313385}