{"loss": 0.00032172095961868763, "learning_rate": 0.00018149157889670118, "grad_norm": 0.0015722396783530712, "step": 49999, "epoch": 34.339972527472526, "samples": 3199936, "_timestamp": 1714709633.6538558, "_runtime": 12767.649736881256, "_step": 49999, "val_loss": 0.00019663320563267916, "model/beam/samples": {"_type": "table-file", "sha256": "b92841534194828db7be70e99883066d606943c765925a668c228899b59acf4b", "size": 359020, "artifact_path": "wandb-client-artifact://lg7rnuqosvwaqiu4o86ivcji1tmsuoqr2ixu96tkfzu06ua72j8uip65k5ir4k1rn4n0w9ss7o7sys5mlggxb19p2dqohuamby2akt8clbn7ur0ttdk1fwatdhr3ppa1:latest/model/beam/samples.table.json", "_latest_artifact_path": "wandb-client-artifact://lg7rnuqosvwaqiu4o86ivcji1tmsuoqr2ixu96tkfzu06ua72j8uip65k5ir4k1rn4n0w9ss7o7sys5mlggxb19p2dqohuamby2akt8clbn7ur0ttdk1fwatdhr3ppa1:latest/model/beam/samples.table.json", "path": "media/table/model/beam/samples_47500_b92841534194828db7be.table.json", "ncols": 1, "nrows": 1000}, "model/beam/perplexity": 43.554596565246584, "model/beam/unique_wordcount": 21, "model/beam/2gram_repitition": 0.9992711864406779, "model/beam/3gram_repitition": 0.9989137931034483, "model/beam/4gram_repitition": 0.9984385964912281, "model/beam/diversity": 1.2360730874527186e-09, "model/beam/memorization": 0.0, "model/beam/gpt2-large_val_mauve": 0.004072096261961256, "model/beam/gpt2-large_train_mauve": 0.004072096261961255, "reference/train_perplexity": 21.189363785743712, "reference/val_perplexity": 21.150626135826112, "reference/gpt2-large_train_val_mauve": 0.946900409313798, "reference/gpt2-large_train_train_mauve": 0.9337811168645391, "reference/val_2gram_repitition": 0.48694007079213963, "reference/val_3gram_repitition": 0.15451223057435937, "reference/val_4gram_repitition": 0.03677000720980539, "reference/val_diversity": 0.41783558463627607, "reference/train_2gram_repitition": 0.4812547819433818, "reference/train_3gram_repitition": 0.15190354526066852, "reference/train_4gram_repitition": 0.03554865290450615, "reference/train_diversity": 0.4243064933947183, "reference/val_memorization": 0.3583273251622206, "reference/train_unique_wordcount": 5070, "reference/val_unique_wordcounts": 5044}