{"_wandb": {"runtime": 50}, "loss": 0.3610212206840515, "learning_rate": 2.0000000000000002e-07, "grad_norm": 0.9999995231628418, "step": 1, "epoch": 0.0013736263736263737, "samples": 128, "_timestamp": 1715274592.3570793, "_runtime": 51.09693622589111, "_step": 1}