{"loss": 0.00027617509476840496, "learning_rate": 0.00019824547119258408, "grad_norm": 0.0007409672252833843, "step": 15869, "epoch": 10.899038461538462, "samples": 1015616, "_timestamp": 1714696837.8763142, "_runtime": 5276.508774280548, "_step": 15869, "val_loss": 0.0002806438715197146, "model/beam/samples": {"_type": "table-file", "sha256": "61889238f838167dd050444015fe52db3f82c9e4ecb47238993bc2e45f415eb1", "size": 490034, "artifact_path": "wandb-client-artifact://2457d7b1vqx30uyw27d2fdix3o512fq6pejj4o1ozq3u4x8n0dtqwlme3qtj9yyhqbpd5qrbkxwdwmqo3ekvp9n1iup2aw6uomnq3qofv4r5h0w21je7b6xucaantcqp:latest/model/beam/samples.table.json", "_latest_artifact_path": "wandb-client-artifact://2457d7b1vqx30uyw27d2fdix3o512fq6pejj4o1ozq3u4x8n0dtqwlme3qtj9yyhqbpd5qrbkxwdwmqo3ekvp9n1iup2aw6uomnq3qofv4r5h0w21je7b6xucaantcqp:latest/model/beam/samples.table.json", "path": "media/table/model/beam/samples_15000_61889238f838167dd050.table.json", "ncols": 1, "nrows": 1000}, "model/beam/perplexity": 173.78484245300294, "model/beam/unique_wordcount": 10, "model/beam/2gram_repitition": 0.9992881355932204, "model/beam/3gram_repitition": 0.9989482758620689, "model/beam/4gram_repitition": 0.9986315789473684, "model/beam/diversity": 1.024516287797209e-09, "model/beam/memorization": 0.0, "model/beam/gpt2-large_val_mauve": 0.004072096261961256, "model/beam/gpt2-large_train_mauve": 0.004072096261961256, "reference/train_perplexity": 21.189363785743712, "reference/val_perplexity": 21.150626135826112, "reference/gpt2-large_train_val_mauve": 0.946900409313798, "reference/gpt2-large_train_train_mauve": 0.9337811168645391, "reference/val_2gram_repitition": 0.48694007079213963, "reference/val_3gram_repitition": 0.15451223057435937, "reference/val_4gram_repitition": 0.03677000720980539, "reference/val_diversity": 0.41783558463627607, "reference/train_2gram_repitition": 0.4812547819433818, "reference/train_3gram_repitition": 0.15190354526066852, "reference/train_4gram_repitition": 0.03554865290450615, "reference/train_diversity": 0.4243064933947183, "reference/val_memorization": 0.3583273251622206, "reference/train_unique_wordcount": 5070, "reference/val_unique_wordcounts": 5044, "_wandb": {"runtime": 5276}}