{"loss": 0.0001811067631933838, "learning_rate": 0.00019714045121820676, "grad_norm": 0.0005831424496136606, "step": 20000, "epoch": 13.736263736263735, "samples": 1280000, "_timestamp": 1714684157.997202, "_runtime": 5155.4923548698425, "_step": 20000, "val_loss": 8.302567584905773e-05, "model/beam/samples": {"_type": "table-file", "sha256": "8e3d0d6e540a393904bef12f88752dc4d7f4ef0acda2f9dab3c11b0b3f087f0a", "size": 350034, "artifact_path": "wandb-client-artifact://brmhfurgclhgee3qmmbip7ktioqbn4a56at6jhp90sptgi33rgetrvos3t2n0hp1kncx8rxwfiq7z56o4c20f7cr5quh2zqnn6fq3n5irzfveiyrmi4xb6n0e5rbft8a:latest/model/beam/samples.table.json", "_latest_artifact_path": "wandb-client-artifact://brmhfurgclhgee3qmmbip7ktioqbn4a56at6jhp90sptgi33rgetrvos3t2n0hp1kncx8rxwfiq7z56o4c20f7cr5quh2zqnn6fq3n5irzfveiyrmi4xb6n0e5rbft8a:latest/model/beam/samples.table.json", "path": "media/table/model/beam/samples_20000_8e3d0d6e540a393904be.table.json", "ncols": 1, "nrows": 1000}, "model/beam/perplexity": 53.735902435302734, "model/beam/unique_wordcount": 21, "model/beam/2gram_repitition": 0.9992678571428572, "model/beam/3gram_repitition": 0.9988545454545454, "model/beam/4gram_repitition": 0.9984259259259259, "model/beam/diversity": 1.3200757575757474e-09, "model/beam/memorization": 0.0, "model/beam/gpt2-large_val_mauve": 0.004072096261961256, "model/beam/gpt2-large_train_mauve": 0.004072096261961256, "reference/train_perplexity": 21.189363785743712, "reference/val_perplexity": 21.150626135826112, "reference/gpt2-large_train_val_mauve": 0.946900409313798, "reference/gpt2-large_train_train_mauve": 0.9337811168645391, "reference/val_2gram_repitition": 0.48694007079213963, "reference/val_3gram_repitition": 0.15451223057435937, "reference/val_4gram_repitition": 0.03677000720980539, "reference/val_diversity": 0.41783558463627607, "reference/train_2gram_repitition": 0.4812547819433818, "reference/train_3gram_repitition": 0.15190354526066852, "reference/train_4gram_repitition": 0.03554865290450615, "reference/train_diversity": 0.4243064933947183, "reference/val_memorization": 0.3583273251622206, "reference/train_unique_wordcount": 5070, "reference/val_unique_wordcounts": 5044, "_wandb": {"runtime": 5263}}