{"loss": 8.73082026373595e-05, "learning_rate": 0.00019987267934654538, "grad_norm": 0.005827831570059061, "step": 5000, "epoch": 0.21467519642780472, "samples": 20000, "_timestamp": 1715276058.9517102, "_runtime": 1252.2173001766205, "_step": 5000, "val_loss": 7.039867341518402e-05, "model/beam/samples": {"_type": "table-file", "sha256": "d60ede4fa9c3586ec1004e6fb13b13ed4bb0876873cfd1f638bad6efd21a71e4", "size": 332955, "artifact_path": "wandb-client-artifact://r8igoa2iea3nu9i66h5as8l4m9labgi7i1zgt2bne5v2osyi1hvhbmkb04ajwg325o7dsttxr82mvy78nmnezk2byqczh7mcrggk09ms2mkyhsszuzpeluwwbuk4n64k:latest/model/beam/samples.table.json", "_latest_artifact_path": "wandb-client-artifact://r8igoa2iea3nu9i66h5as8l4m9labgi7i1zgt2bne5v2osyi1hvhbmkb04ajwg325o7dsttxr82mvy78nmnezk2byqczh7mcrggk09ms2mkyhsszuzpeluwwbuk4n64k:latest/model/beam/samples.table.json", "path": "media/table/model/beam/samples_5000_d60ede4fa9c3586ec100.table.json", "ncols": 1, "nrows": 1000}, "model/beam/perplexity": 72.2261729927063, "model/beam/unique_wordcount": 44, "model/beam/2gram_repitition": 0.9976086619577973, "model/beam/3gram_repitition": 0.9923918212077983, "model/beam/4gram_repitition": 0.9855431735514214, "model/beam/diversity": 2.6302355915175223e-07, "model/beam/memorization": 0.0, "model/beam/gpt2-large_val_mauve": 0.004072096261961255, "model/beam/gpt2-large_train_mauve": 0.0040720962619612555, "reference/train_perplexity": 21.189363785743712, "reference/val_perplexity": 21.150626135826112, "reference/gpt2-large_train_val_mauve": 0.946900409313798, "reference/gpt2-large_train_train_mauve": 0.9337811168645391, "reference/val_2gram_repitition": 0.48694007079213963, "reference/val_3gram_repitition": 0.15451223057435937, "reference/val_4gram_repitition": 0.03677000720980539, "reference/val_diversity": 0.41783558463627607, "reference/train_2gram_repitition": 0.4812547819433818, "reference/train_3gram_repitition": 0.15190354526066852, "reference/train_4gram_repitition": 0.03554865290450615, "reference/train_diversity": 0.4243064933947183, "reference/val_memorization": 0.3583273251622206, "reference/train_unique_wordcount": 5070, "reference/val_unique_wordcounts": 5044, "_wandb": {"runtime": 1285}}