{"loss": 0.1522405743598938, "learning_rate": 0.00019898880952695888, "grad_norm": 0.36049142479896545, "step": 12281, "epoch": 8.434752747252746, "samples": 785984, "_timestamp": 1714691461.937869, "_runtime": 7126.516709089279, "_step": 12281, "val_loss": 0.17325490713119507, "model/beam/samples": {"_type": "table-file", "sha256": "35f247535b5e0851056b0231ea4f5ef48a8247e15215e05d3526aab2819235cd", "size": 103730, "artifact_path": "wandb-client-artifact://t8bivfan08cqklwvhpydb8y9fsg1kyxjch2fkzccig5iqu2y8a64ac126p6ewe6w5ajqa3iyrzjniqcuard1tyyt7fsjocffx3dhzg1hlx7revu6ousjv1rukt7pns4o:latest/model/beam/samples.table.json", "_latest_artifact_path": "wandb-client-artifact://t8bivfan08cqklwvhpydb8y9fsg1kyxjch2fkzccig5iqu2y8a64ac126p6ewe6w5ajqa3iyrzjniqcuard1tyyt7fsjocffx3dhzg1hlx7revu6ousjv1rukt7pns4o:latest/model/beam/samples.table.json", "path": "media/table/model/beam/samples_10000_35f247535b5e0851056b.table.json", "ncols": 1, "nrows": 1000}, "model/beam/perplexity": 55.22303024291992, "model/beam/unique_wordcount": 38, "model/beam/2gram_repitition": 0.996900988545426, "model/beam/3gram_repitition": 0.9947738036910011, "model/beam/4gram_repitition": 0.9915715988421591, "model/beam/diversity": 1.3650674104534007e-07, "model/beam/memorization": 0.44832283330495487, "model/beam/gpt2-large_val_mauve": 0.004108243357691813, "model/beam/gpt2-large_train_mauve": 0.004180084150330766, "reference/train_perplexity": 21.189363785743712, "reference/val_perplexity": 21.150626135826112, "reference/gpt2-large_train_val_mauve": 0.946900409313798, "reference/gpt2-large_train_train_mauve": 0.9337811168645391, "reference/val_2gram_repitition": 0.48694007079213963, "reference/val_3gram_repitition": 0.15451223057435937, "reference/val_4gram_repitition": 0.03677000720980539, "reference/val_diversity": 0.41783558463627607, "reference/train_2gram_repitition": 0.4812547819433818, "reference/train_3gram_repitition": 0.15190354526066852, "reference/train_4gram_repitition": 0.03554865290450615, "reference/train_diversity": 0.4243064933947183, "reference/val_memorization": 0.3583273251622206, "reference/train_unique_wordcount": 5070, "reference/val_unique_wordcounts": 5044, "_wandb": {"runtime": 7126}}